{
  "SSYouTubeonline": {
    "video_id": "SSYouTubeonline",
    "chunks": 139,
    "timestamps": [
      [
        0.4,
        1.4000000000000001
      ],
      [
        6.0,
        7.7
      ],
      [
        12.371999999999996,
        16.47199999999998
      ],
      [
        17.31400000000001,
        19.41400000000004
      ],
      [
        31.456,
        32.45600000000002
      ],
      [
        32.519,
        37.119000000000064
      ],
      [
        37.212,
        39.61200000000004
      ],
      [
        39.705,
        41.00500000000002
      ],
      [
        41.20500000000002,
        43.605000000000054
      ],
      [
        43.686,
        45.18600000000002
      ],
      [
        45.561,
        47.16100000000002
      ],
      [
        47.733,
        50.63300000000004
      ],
      [
        65.08999999999995,
        69.08999999999972
      ],
      [
        69.132,
        70.23199999999994
      ],
      [
        70.607,
        73.30699999999985
      ],
      [
        73.40699999999984,
        76.40699999999967
      ],
      [
        80.527,
        82.4269999999999
      ],
      [
        82.427,
        85.82699999999981
      ],
      [
        85.872,
        87.17199999999993
      ],
      [
        87.178,
        91.17799999999977
      ],
      [
        92.177,
        94.67699999999986
      ],
      [
        95.245,
        97.54499999999987
      ],
      [
        97.609,
        101.1089999999998
      ],
      [
        101.196,
        103.89599999999984
      ],
      [
        103.941,
        107.84099999999978
      ],
      [
        110.95899999999993,
        112.05899999999987
      ],
      [
        112.15899999999986,
        115.75899999999966
      ],
      [
        115.832,
        118.33199999999985
      ],
      [
        124.56499999999994,
        126.56499999999983
      ],
      [
        126.621,
        130.22099999999978
      ],
      [
        136.6329999999998,
        138.3329999999997
      ],
      [
        138.395,
        144.79499999999965
      ],
      [
        146.36399999999992,
        148.4639999999998
      ],
      [
        148.484,
        150.1839999999999
      ],
      [
        151.538,
        152.83799999999994
      ],
      [
        152.908,
        154.4079999999999
      ],
      [
        154.495,
        157.79499999999982
      ],
      [
        173.733,
        178.13299999999975
      ],
      [
        178.194,
        179.5939999999999
      ],
      [
        179.65,
        180.74999999999994
      ],
      [
        183.776,
        186.37599999999986
      ],
      [
        186.429,
        190.92899999999975
      ],
      [
        191.009,
        192.6089999999999
      ],
      [
        193.486,
        194.78599999999992
      ],
      [
        194.883,
        199.38299999999975
      ],
      [
        199.44,
        201.83999999999986
      ],
      [
        203.651,
        207.4509999999998
      ],
      [
        207.46,
        211.65999999999977
      ],
      [
        211.664,
        212.76399999999992
      ],
      [
        212.835,
        215.53499999999985
      ],
      [
        215.993,
        219.09299999999982
      ],
      [
        219.117,
        220.41699999999992
      ],
      [
        220.485,
        226.78499999999966
      ],
      [
        226.797,
        227.99699999999993
      ],
      [
        229.09699999999987,
        230.3969999999998
      ],
      [
        233.66499999999996,
        235.66499999999985
      ],
      [
        235.674,
        238.87399999999982
      ],
      [
        238.967,
        242.06699999999984
      ],
      [
        242.146,
        244.34599999999986
      ],
      [
        244.348,
        245.74799999999993
      ],
      [
        245.752,
        247.05199999999994
      ],
      [
        247.067,
        249.0669999999999
      ],
      [
        249.48,
        250.67999999999992
      ],
      [
        251.794,
        254.89399999999983
      ],
      [
        255.23,
        256.3299999999999
      ],
      [
        256.854,
        258.6540000000004
      ],
      [
        258.665,
        263.16500000000104
      ],
      [
        273.52300000000076,
        277.1230000000016
      ],
      [
        278.478,
        280.9780000000006
      ],
      [
        281.05,
        284.0500000000007
      ],
      [
        285.04800000000023,
        286.2480000000005
      ],
      [
        288.34800000000024,
        293.74800000000147
      ],
      [
        293.806,
        298.6060000000011
      ],
      [
        299.638,
        302.13800000000055
      ],
      [
        302.214,
        306.01400000000086
      ],
      [
        307.748,
        308.7480000000002
      ],
      [
        308.764,
        310.76400000000046
      ],
      [
        312.54200000000037,
        314.4420000000008
      ],
      [
        319.89200000000034,
        323.09200000000106
      ],
      [
        323.163,
        326.2630000000007
      ],
      [
        326.282,
        328.0820000000004
      ],
      [
        328.146,
        330.7460000000006
      ],
      [
        330.763,
        332.46300000000036
      ],
      [
        334.636,
        336.8360000000005
      ],
      [
        338.38,
        339.6800000000003
      ],
      [
        340.112,
        344.71200000000107
      ],
      [
        347.8640000000002,
        348.86400000000043
      ],
      [
        349.31100000000004,
        350.61100000000033
      ],
      [
        350.628,
        354.7280000000009
      ],
      [
        355.249,
        356.3490000000003
      ],
      [
        361.708,
        362.8080000000003
      ],
      [
        363.762,
        365.76200000000046
      ],
      [
        365.845,
        367.0450000000003
      ],
      [
        367.081,
        371.58100000000104
      ],
      [
        371.7810000000011,
        372.7810000000013
      ],
      [
        373.8950000000001,
        375.6950000000005
      ],
      [
        376.313,
        379.0130000000006
      ],
      [
        379.067,
        381.06700000000046
      ],
      [
        389.92700000000036,
        397.42700000000207
      ],
      [
        397.47,
        398.6700000000003
      ],
      [
        398.712,
        401.21200000000056
      ],
      [
        401.239,
        404.7390000000008
      ],
      [
        404.761,
        407.86100000000073
      ],
      [
        407.895,
        408.8950000000002
      ],
      [
        409.538,
        410.53800000000024
      ],
      [
        423.22200000000004,
        426.0220000000007
      ],
      [
        426.031,
        427.2310000000003
      ],
      [
        427.306,
        428.8060000000003
      ],
      [
        428.904,
        435.6040000000015
      ],
      [
        435.686,
        437.28600000000034
      ],
      [
        437.592,
        439.29200000000037
      ],
      [
        439.377,
        441.8770000000006
      ],
      [
        450.56500000000153,
        452.86500000000206
      ],
      [
        453.153,
        457.65300000000104
      ],
      [
        460.85800000000046,
        464.0580000000012
      ],
      [
        465.227,
        470.42700000000116
      ],
      [
        470.491,
        472.09100000000035
      ],
      [
        472.103,
        473.5030000000003
      ],
      [
        473.585,
        474.5850000000002
      ],
      [
        481.61600000000004,
        483.5160000000005
      ],
      [
        483.588,
        487.58800000000093
      ],
      [
        487.643,
        489.34300000000036
      ],
      [
        489.413,
        491.41300000000047
      ],
      [
        491.479,
        492.9790000000003
      ],
      [
        493.046,
        501.0460000000018
      ],
      [
        501.136,
        504.83600000000087
      ],
      [
        504.864,
