{
  "SSYouTubeonline": {
    "video_id": "SSYouTubeonline",
    "chunks": 76,
    "timestamps": [
      [
        12.371999999999996,
        16.47199999999998
      ],
      [
        17.31400000000001,
        19.41400000000004
      ],
      [
        32.519,
        37.119000000000064
      ],
      [
        37.212,
        39.61200000000004
      ],
      [
        41.20500000000002,
        43.605000000000054
      ],
      [
        47.733,
        50.63300000000004
      ],
      [
        65.08999999999995,
        69.08999999999972
      ],
      [
        70.607,
        73.30699999999985
      ],
      [
        73.40699999999984,
        76.40699999999967
      ],
      [
        82.427,
        85.82699999999981
      ],
      [
        87.178,
        91.17799999999977
      ],
      [
        92.177,
        94.67699999999986
      ],
      [
        95.245,
        97.54499999999987
      ],
      [
        97.609,
        101.1089999999998
      ],
      [
        101.196,
        103.89599999999984
      ],
      [
        103.941,
        107.84099999999978
      ],
      [
        112.15899999999986,
        115.75899999999966
      ],
      [
        115.832,
        118.33199999999985
      ],
      [
        126.621,
        130.22099999999978
      ],
      [
        138.395,
        144.79499999999965
      ],
      [
        146.36399999999992,
        148.4639999999998
      ],
      [
        154.495,
        157.79499999999982
      ],
      [
        173.733,
        178.13299999999975
      ],
      [
        183.776,
        186.37599999999986
      ],
      [
        186.429,
        190.92899999999975
      ],
      [
        194.883,
        199.38299999999975
      ],
      [
        199.44,
        201.83999999999986
      ],
      [
        203.651,
        207.4509999999998
      ],
      [
        207.46,
        211.65999999999977
      ],
      [
        212.835,
        215.53499999999985
      ],
      [
        215.993,
        219.09299999999982
      ],
      [
        220.485,
        226.78499999999966
      ],
      [
        235.674,
        238.87399999999982
      ],
      [
        238.967,
        242.06699999999984
      ],
      [
        242.146,
        244.34599999999986
      ],
      [
        251.794,
        254.89399999999983
      ],
      [
        258.665,
        263.16500000000104
      ],
      [
        273.52300000000076,
        277.1230000000016
      ],
      [
        278.478,
        280.9780000000006
      ],
      [
        281.05,
        284.0500000000007
      ],
      [
        288.34800000000024,
        293.74800000000147
      ],
      [
        293.806,
        298.6060000000011
      ],
      [
        299.638,
        302.13800000000055
      ],
      [
        302.214,
        306.01400000000086
      ],
      [
        308.764,
        310.76400000000046
      ],
      [
        319.89200000000034,
        323.09200000000106
      ],
      [
        323.163,
        326.2630000000007
      ],
      [
        328.146,
        330.7460000000006
      ],
      [
        334.636,
        336.8360000000005
      ],
      [
        340.112,
        344.71200000000107
      ],
      [
        350.628,
        354.7280000000009
      ],
      [
        363.762,
        365.76200000000046
      ],
      [
        367.081,
        371.58100000000104
      ],
      [
        376.313,
        379.0130000000006
      ],
      [
        379.067,
        381.06700000000046
      ],
      [
        389.92700000000036,
        397.42700000000207
      ],
      [
        398.712,
        401.21200000000056
      ],
      [
        401.239,
        404.7390000000008
      ],
      [
        404.761,
        407.86100000000073
      ],
      [
        423.22200000000004,
        426.0220000000007
      ],
      [
        428.904,
        435.6040000000015
      ],
      [
        439.377,
        441.8770000000006
      ],
      [
        450.56500000000153,
        452.86500000000206
      ],
      [
        453.153,
        457.65300000000104
      ],
      [
        460.85800000000046,
        464.0580000000012
      ],
      [
        465.227,
        470.42700000000116
      ],
      [
        483.588,
        487.58800000000093
      ],
      [
        489.413,
        491.41300000000047
      ],
      [
        493.046,
        501.0460000000018
      ],
      [
        501.136,
        504.83600000000087
      ],
      [
        504.864,
        507.76400000000064
      ],
      [
        507.8,
        510.10000000000053
      ],
      [
        519.0130000000005,
        522.1130000000012
      ],
      [
        523.296,
        525.6960000000006
      ],
      [
        531.965,
        534.0650000000005
      ],
      [
        534.108,
        536.2080000000004
      ]
    ]
  },
  "rcduE_ff314": {
    "video_id": "rcduE_ff314",
    "chunks": 85,